"Symbol","Return","DD","Orders"
"AUDCAD","41,25","44,16","4288"
"AUDCHF","92,62","27,41","5072"
"AUDCNH","0","0","0"
"AUDJPY","33504,38","16,53","4085"
"AUDNZD","-58,12","73,11","3486"
"AUDSGD","0","0","0"
"AUDUSD","76,72","35,26","3664"
"BTCUSD","3730,18","10,83","2655"
"BVSPX","0","0","0"
"CADCHF","109,75","28,02","4875"
"CADJPY","16371,17","25,47","3801"
"CHFJPY","22645,69","17,5","3715"
"CHFSGD","0","0","0"
"CHINA50","897,66","14,95","2007"
"CHINAH","0","0","0"
"CL","0","0","0"
"Cocoa-C","0","0","0"
"Coffee-C","0","0","0"
"COPPER-C","-0,36","0,42","1"
"Cotton-C","0","0","0"
"DJ30","2608,23","19,59","2058"
"DOGEUSDT","0","0","0"
"ES35","1,84","0,46","3"
"EU50","1040,08","22,91","2840"
"EURAUD","450,33","22,35","4676"
"EURCAD","179,34","30,01","4538"
"EURCHF","-8,33","31,69","3150"
"EURCZK","0","0","0"
"EURDKK","0","0","0"
"EURGBP","18,76","55,94","2839"
"EURHUF","-12,62","13,34","167"
"EURJPY","5,69","1,59","1411"
"EURNOK","0","0","0"
"EURNZD","818,7","16,57","4642"
"EURPLN","0","0","0"
"EURSEK","0","0","0"
"EURSGD","0","0","0"
"EURTRY","-0,04","0,04","1"
"EURUSD","338,12","37,1","3552"
"FRA40","972,07","22,26","2538"
"GAS-C","0","0","0"
"GASOIL-C","30,7","39,08","3312"
"GBPAUD","364,11","23,37","4567"
"GBPCAD","225","30,74","4452"
"GBPCHF","53,01","39,77","4560"
"GBPJPY","3,28","1,54","601"
"GBPNZD","518,31","20,67","4603"
"GBPSGD","0","0","0"
"GBPUSD","911,23","29,1","3980"
"HK50","6284,08","18,29","2067"
"HKTECH","0,49","0","1"
"NAS100","92,43","13,59","1969"
"NETH25","-0,31","0,41","12"
"NG-C","0","0","0"
"Nikkei225","27,45","13,62","197"
"NZDCAD","280,54","22,15","5023"
"NZDCHF","95,51","23,38","5040"
"NZDJPY","11664,56","23,75","4048"
"NZDSGD","0","0","0"
"NZDUSD","100,24","32,64","3367"
"OJ-C","0","0","0"
"SA40","0","0","0"
"SGDJPY","-3,31","4,11","13"
"SGP20","-28,04","28,55","444"
"Soybean-C","0","0","0"
"SP500","435,32","19,1","2209"
"SPI200","1172,97","31,76","3256"
"Sugar-C","0","0","0"
"SWI20","12,06","7,23","116"
"TWINDEX","11,48","15,34","592"
"UK100","-56","61,25","3620"
"UKOUSD","-42,42","42,56","544"
"US2000","198,15","14,17","1756"
"USDBRL","0","0","0"
"USDCAD","96,59","18,14","3884"
"USDCHF","75,9","39,01","3379"
"USDCLP","0","0","0"
"USDCNH","0","0","0"
"USDCOP","0","0","0"
"USDCZK","0","0","0"
"USDDKK","0","0","0"
"USDHUF","-28,65","29,49","274"
"USDIDR","451,46","13,04","940"
"USDILS","0","0","0"
"USDINR","0","0","0"
"USDJPY","7,58","1,55","1962"
"USDKRW","-66,93","68,18","1080"
"USDMXN","0","0","0"
"USDNOK","0","0","0"
"USDPLN","0","0","0"
"USDSEK","0","0","0"
"USDSGD","0","0","0"
"USDTHB","0","0","0"
"USDTRY","-0,08","0,08","1"
"USDTWD","-0,75","1,09","3"
"USDZAR","0","0","0"
"USOUSD","-38,43","38,75","594"
"Wheat-C","0","0","0"
"XAGAUD","-8,55","51,45","5402"
"XAGUSD","3771,8","17,16","4416"
"XAUAUD","2167,16","22,89","3985"
"XAUEUR","578,37","30,21","2575"
"XAUJPY","12,07","0","7"
"XAUUSD","5436,33","23,32","3766"
"XPDUSD","11,08","12,36","319"
"XPTUSD","24,58","6,02","143"
