"Month","Return","DD","Orders"
"2013-03","4,72","1,38","14"
"2013-04","-2,66","8,3","39"
"2013-05","-1,36","7,68","33"
"2013-06","5","7,13","33"
"2013-07","-4,22","7","38"
"2013-08","1,47","3,76","27"
"2013-09","9,61","3,9","37"
"2013-10","5,17","4,92","38"
"2013-11","7,71","4,01","31"
"2013-12","4,02","2,68","31"
"2014-01","1,77","4,9","32"
"2014-02","2,66","2,68","30"
"2014-03","-0,76","5,02","29"
"2014-04","5,47","3,28","32"
"2014-05","1,88","5,02","22"
"2014-06","-3,42","5,18","27"
"2014-07","4,31","1,95","22"
"2014-08","4,81","3,68","21"
"2014-09","-3,82","6,18","37"
"2014-10","4,92","3,66","44"
"2014-11","3,35","3,84","31"
"2014-12","3,99","5,55","44"
"2015-01","-5,55","9,97","33"
"2015-02","-1,02","1,95","9"
"2015-03","7,55","3,76","37"
"2015-04","4","4,39","30"
"2015-05","6,53","2,59","30"
"2015-06","-4,9","10,24","35"
"2015-07","7,25","3,31","34"
"2015-08","8,77","3,86","36"
"2015-09","-2,08","4,65","40"
"2015-10","4,57","2,1","15"
"2015-11","3,09","4,19","35"
"2015-12","0,13","4,95","40"
"2016-01","5,17","6,03","40"
"2016-02","14,19","2,34","35"
"2016-03","-10,6","11,95","35"
"2016-04","6,35","3,31","36"
"2016-05","4,22","6,23","40"
"2016-06","8,24","3,08","43"
"2016-07","1,69","2,59","36"
"2016-08","-9,14","10,59","36"
"2016-09","5,58","4,27","35"
"2016-10","7,96","3,08","38"
"2016-11","7,33","4,36","35"
"2016-12","-0,35","5,91","28"
"2017-01","1,16","5,73","36"
"2017-02","3,38","3,57","29"
"2017-03","-0,68","5,24","39"
"2017-04","-1,05","3,87","27"
"2017-05","3,47","3,11","37"
"2017-06","-6,91","10,95","32"
"2017-07","0,87","6,21","24"
"2017-08","-2,85","6,46","38"
"2017-09","7,65","3,95","26"
"2017-10","-1,2","5,59","38"
"2017-11","2,02","7,59","40"
"2017-12","1,01","5,84","38"
"2018-01","3,18","3","47"
"2018-02","-0,77","4,19","29"
"2018-03","0,9","6,07","36"
"2018-04","2,83","5,33","40"
"2018-05","-1,52","3,71","42"
"2018-06","6,96","4,1","37"
"2018-07","2,93","7,66","38"
"2018-08","2,49","5,6","43"
"2018-09","-0,33","6,97","30"
"2018-10","6,8","3,74","47"
"2018-11","-3,9","5,54","40"
"2018-12","6,39","4,01","30"
"2019-01","1,23","5,97","42"
"2019-02","6,1","5,45","38"
"2019-03","8,33","2,52","27"
"2019-04","0,92","2,87","26"
"2019-05","1,27","3,08","43"
"2019-06","-4,12","8","30"
"2019-07","15,05","2,9","32"
"2019-08","6,88","3,78","35"
"2019-09","-4,69","8,89","30"
"2019-10","4,34","2,56","29"
"2019-11","-6,36","8,41","26"
"2019-12","9,02","3,79","34"
